Entre la Corona Corina el Corona (Vir..) hasta la coronilla por no decir los Cojones!!,-1
La mascarilla me ha creado una marca morada y verde cerca del ojo y un dolor similar al de un golpe.,-1
Primer positivo de #COVID19ec en mi familia el domingo me quede en la casa mis Pas y hermanas salieron  de paseo con mi tio positivo.........Nos vamos a cuarentena por lo menos 1 semana.,-1
Seguimos en la lucha,1
Somos un experimento del COE,-1
Que nuestra bandera vuelva a flamear en todos los hogares con mucho orgullo. Hoy quiza nuestra batalla no sea por la independencia pero si por la vida y la reactivacion del empleo. No nos dejaremos vencer por el #Covid19ec,1
Nos complace mostrarles lugares turisticos #Tumbaco tierra de diversidad en culturas costumbres y tradiciones. Recorre la parroquia con las debidas medidas de bioseguridad ,1
Ir hacer el delicioso y terminar con gripe e incluso posible sintomas del #Covid19 ,0
Creo que con las mascarillas nos vemos menos feos... #MascarillaObligatoria #Covid19Ec,1
No solo hay ratas en el pais tambien gente estupida ni de creer lo de esta #LadyTos esta de mandarle saluditos cordiales y recomendarle un jarabito libre de alcohol #Covid19Ec,-1
Pesimo servicio de  la senal sigue yendo y viniendo la velocidad brindada no refleja lo q supuestamente se contrato ni lo q ofertan y mas aun ahora q es esencial la fiabilidad del servicio x el q cobran sin demora #yunda ,-1
 que clase de controles hacen en centros comerciales sobre todo en el Centro Comercial el Recreo al sur de Quito aglomeracion por todos lados gente sin mascarilla no se respeta el aforo permitido en emergencia #Covid19Ec,-1
Los que siguen saliendo a gimnasios clandestinos a buscar el #COVID19EC y ponen en riesgo a su familia por “verse saludables”,-1
Lo que hacen por una foto: quitarse la mascarilla olvidar que estan en turno olvidar medidas de Bio Seguridad unoa segundos pueden ser lo necesario para contagio.,-1
El Ministerio de Sanidad de #Rusia anuncio que ha producido la primera partida de la vacuna contra el #COVID19,1
Mas de 33 mil adultos mayores de 60 años murieron de #COVID19  en Mexico. #Coronavirus,-1
Hoy se registraron 88 casos positivos nuevos de #COVID19 los cuales se distribuyen en 38 municipios de #Oaxaca.,-1
¡Estas son las formas de contagio mas comunes y es importante prevenirlas! Al estornudar o toser recuerda cubrirte con la parte interna del codo o con un pañuelo desechable. #PrevencionCoronavirus #COVID19 ,0
Segun los especialistas la vacuna podria garantizar la inmunidad al #COVID19 por un periodo de hasta dos años.,1
#Italia prohibio la entrada a las personas provenientes de #Colombia por la #COVID19,0
#ATENCION | Dos provincias de Ecuador afrontan alta mortalidad por #covid19; ¿ que incide en las muertes? ,-1
#ULTIMO. El jugador Samuel #Umtiti del #FCBarcelona dio positivo al #Covid19.,-1
Estados Unidos lidera donaciones a #Ecuador por #COVID19 ,1
El #covid19 se llevo a cinco miembros de la familia Diaz.,-1
Murio el chavista Dario Vivas jefe de gobierno de #Caracas por #COVID19 ,-1
Contagiarse de #COVID19 a traves del papel periodico no es posible segun expertos,0
 IESS investiga a medicos que dejaron sus puestos en hospitales en medio de la pandemia del #covid19,1
"No me alcanza para nada Ante la emergencia por el #covid19 empresas han utilizado la figura de la reduccion ""emergente"" de jornada laboral. ",-1
El Gobierno anuncio que asumira el valor extra del consumo de energia electrica desde marzo a agosto por la pandemia del #covid19,1
Asciende a 71 la cifra de medicos fallecidos por #Covid19 segun ONG,-1
Vacuna contra la #COVID19: ¿ por que con algunas enfermedades desarrollamos inmunidad permanente y con otras no? (y el gran interrogante sobre el coronavirus,0
Me Uno A La Oraciones De Los Cientificos De La Medicina Para Lograr Lo Antes Posible Una Vacuna Contra #Covid19,1
Evitemos el mayor contagio ante #COVID19 y cuidemonos entre todos no olvidemos mantener una sana distancia no bajemos la guardia.,1
Somos un experimento del COE #covid19ec,-1
Mas devastador que el #Covid19Ec es este gobierno desastroso,-1
El #Covid19Ec ha cobrado la vida de millones de personas en todo el mundo si te descuidas tu #PuedesSerElSiguiente ¿ En serio tienes razones para celebrar?,-1
Las cifras de hoy indican ademas que 66.099 personas mas se han recuperado del #coronavirus.,1
Somos un experimento del COE,-1
La mascarilla me ha creado una marca morada y verde cerca del ojo y un dolor similar al de un golpe. Es el puñete q me da la pandemia y la vida. ,-1
Nuestro solidaridad con el compañero y amigo Ernesto Guerrero alcalde del pueblo altivo d #SantaIsabel que hoy sufre el embate de la #Covid19Ec precisamente por trabajar con su pueblo. Pronto saldra avante de esta pandemia.,-1
Manda a decir el COE Nacional que si van a misa por 21 minutos se pueden contagiar de #Covid19Ec.,-1
Por Dios ya paguen a los servidores de la SALUD. Es gracias a ellos que hemos podido salir adelante en esta pandemia del #Covid19Ec entre tanta corrupcion y reparto los servidores de la salud han estado ahi en primera linea.,-1
En Tecnodimension hemos diseñado y fabricado el hospital inflable para ayudar a gestionar la crisis sanitaria este hospital esta concebido como la respuesta mas rapida a un centro de atencion inmediata adaptandose a cualquier terreno y los requerimientos. #hospitales #COVID19ec,1
Paguen a salud @MinGobiernoEc #COVID19ec nos lleva en peso,-1
@el_BID desarrollo un software basado en la inteligencia artificial para medir el #DistanciamientoSocial la plataforma se integro en las camaras del #ECU911 con el objetivo de contribuir en la contencion del contagio del #COVID19Ec.,1
Salva vidas y cumple con las medidas de bioseguridad: Uso obligatorio de mascarilla. Distanciamiento a 2 metros. Lavado frecuente de manos. Juntos podemos prevenir el #Covid19ec.,1
#ATENCION 40 nuevas camas para pacientes #Covid19Ec en el Hospital Jose Carrasco Arteaga. Tambien contratara intensivistas. Los detalles en la siguiente nota https://bit.ly/2XVGdGY,1
En la nueva normalidad aplicar la trilogia de vida: lavado de manos uso de mascarilla y #DistanciamientoSocial son medidas primordiales para prevenir el contagio de #COVID19Ec. Contamos con su colaboracion.,1
Durante el cuarto asueto que vive el Ecuador en medio de la emergencia sanitaria @Salud_Ec reporto este sabado 8 de agosto de 2020 que #ElOro registra 3.492 contagios de #COVID19Ec de los cuales 240 han fallecido por la enfermedad. Enterese: https://bit.ly/2F6zW4z,-1
Seguimos en la lucha #COVID19EC en Ecuador Guayaquil https://instagram.com/p/CDu0FnzD-Ut/?igshid=1gnxm1kylk4tw,1
Vamos ecuatorianos!. Las playas les esperan. A disfrutar el feriado. (sarcasmo) #Covid19Ec,1
Ir hacer el delicioso y terminar con gripe e incluso posible sintomas del #Covid19 ,-1
Una parte de mi entiende que se pretende reactivar la economia la otra parte no comprende las medidas del #COENacional. Incluso la reactivacion del #Turismo debe ser gradual con capacidad de carga. Una vez mas la prudencia esta en nosotros. #Covid19Ec,-1
La emergencia por el #Covid19Ec no ha terminado continua usando tu mascarilla. #PuedesSerElSiguiente en contraer el virus y contagiar a tus seres queridos.,-1
Creo que con las mascarillas nos vemos menos feos...,1
#ATENCION En Ecuador 173 cantones presentan exceso de mortalidad en lo que va de la pandemia de #COVID19ec. Se evidencia un incremento desde la primera semana de julio. Detalles de un nuevo informe,-1
Paciente de Guayaquil prueba Rapida Positiva IgM y PCR Positivo. Jueves 13 agosto 2020 No bajar la Guardia prevenir rebrote #Covid19Ec,-1
Saludos desde Quito-Ecuador... Desde mi aislamiento y recuperacion por #COVID19ec apoyando a @chitoveraUFC orgullo Ecuatoriano deja en alto el nombre del Ecuador.,1
Las cifras de hoy indican ademas que 66.099 personas mas se han recuperado del #coronavirus.,1
En Venezuela se esta fortaleciendo el sistema de vigilancia epidemiologica y se han ampliado en las ultimas semanas los controles en prevencion del coronavirus.,1
#Covid19 Cientificos hablan de propagacion del coronavirus al hablar o cantar a volumen alto,0
#Covid19  Preguntas sobre raza sexo... Efectos secundarios. Asi es la experiencia de participar en ensayos de la vacuna contra el coronavirus,0
El sinverguenza de Mauricio Macri tuiteando desde su reposera orgulloso de los que salieron a buscar al coronavirus en las calles. Imbecil,-1
Registran primer caso de Optra contagiado de Coronavirus,1
SALTA Coronavirus: por el aumento de casos suspenden el turismo interno hasta el 30 de agosto,-1
Muchos hoteles ofrecen ofertas de ultima hora rebajas o incluso bonos de piscina o restaurante para atraer clientes durante la crisis del coronavirus,1
#Covid19  Cientificos hablan de propagacion del coronavirus al hablar o cantar a volumen alto,0
Un merecido homenaje son los murales que plasmaron artistas urbanos en la Av. Congreso de la Union a los verdaderos heroes en esta lucha frente al #Covid19,1
65.000 negocios de hosteleria cerraran definitivamente. Esto es la verdadera pandemia.,0
Las mascarillas ayudan a mantenerse seguro durante la #COVID19,1
¿ Ecuador esta en capacidad de producir o reproducir la vacuna contra el coronavirus?,0
A 150 dias de inicio de la pandemia por #covid19 ¿ como ha evolucionado el presupuesto en salud?,0
Cumpliendo estas medidas de prevencion te ayudaran a evitar que el #COVID19 entre a tu hogar,1
Mexico Canada Ecuador Peru y Barbados son algunos de los paises con la mayor tasa de letalidad por #covid19 en America segun datos de la Universidad Johns Hopkins,-1
Tu gatito tambien necesita proteccion del #COVID19,0
#COVID19 en el mundo: #Rusia comenzara la proxima semana a ensayar en 40 000 personas su vacuna Sputnik,1
La perdida de olfato y gusto por coronavirus no se parece en nada a la provocada por gripes o resfriados,-1
Despues de 24 semanas de que llego el #COVID19 a Mexico estas son las cifras del pais. 20 de agosto de 2020.,0
Ulises Virreyra tiene coronavirus. El delantero esta aislado y sin sintomas de gravedad.,-1
Ya mismo se termina la pandemia del Coronavirus y no hay ningun politico en la carcel por los Sobreprecios y ni un centavo confiscado,-1
Ya son mas de 543 mil 806 casos confirmados de Covid-19 en Mexico.,-1
La compañia asiatica biofarmaceutica CanSino el pasado lunes 17 de agosto recibio una patente para el antivirus Ad5-nCoV esta compañia demuestra ser un buen contrincante en la batalla contra el coronavirus.,1
#ALERTA En Jujuy sigue complicada la situacion sanitaria hoy se registraron 232 nuevos casos de coronavirus y 7 fallecidos. El total de casos en la provincia es de 5.603 personas infectadas,-1
"El paciente ""RECORD"" de coronavirus en España llega a su casa en Sevilla. Jose ha estado 140 dias hospitalizado",1
CORONAVIRUS: Argentina registra un nuevo record de contagios diarios de coronavirus,-1
Mexico suma 59 mil 106 defunciones y 543 mil 806 casos confirmados de #coronavirus,-1
Lavate las manos con frecuencia y evita tocarte la cara para protegerte del #COVID19.,1
Como el coronavirus podria estar transformandose en una enfermedad cronica,-1
"COVID-19: Sanidad alerta que las ""cosas no van bien"" en España y pide mayor visibilidad a la situacion #Coronavirus",-1
Mexico registra 6 mil 775 nuevos casos de #coronavirus,-1
Coronavirus: ¿ y si la “inmunidad colectiva” esta mas cerca de lo que los cientificos creen?,0
Mexico tendra la vacuna rusa contra el coronavirus para ensayo clinico,0
Suspendidos los juegos de los Mets de Nueva York por dos casos de coronavirus,-1
Descubren otro virus mas contagioso que el Coronavirus en China,-1
Que las vacunas contra el coronavirus sean accesibles a todos esta es la peticion del papa Francisco.,1
 Un enfermero estuvo 11 dias en terapia por coronavirus lo dieron por muerto y ahora volvio a trabajar,0
Coronavirus en la Argentina  San Isidro habilito los deportes nauticos y ya le reclama a Kicillof mas aperturas,1
"Miguel Bose cambia su discurso sobre el coronavirus: ""El bicho existe y ha matado a mucha gente""",-1
543806 contagiados por coronavirus en Mexico con 59106 fallecimientos. 6775 contagios y 625 fallecidos el dia de hoy,-1
Reduce el riesgo de infeccion del Coronavirus (Covid-19) y toma nota de las recomendaciones para prevenir las enfermedades respiratorias.,1
Este pequeño niño de traje amarillo que diariamente visita a su abuelita para leer un cuento juntos desde el jardin. Se extrañan mucho y quieren abrazarse pero saben que es importante mantener la seguridad por el #coronavirus.,-1
Mas de 8.000 desinfecciones preventivas han realizado en Cabimas contra el coronavirus,1
Bolivia supera los 106 mil casos de coronavirus tras reportar 1.015 nuevos contagios,-1
Pandemia del coronavirus le “corre” la clientela a las trabajadoras sexuales,-1
¿ El coronavirus es influencer o por que ha crecido tanto gracias a chingos de pendejos?,-1
No te dan ganas de salir de tu casa no por el Corona virus sino por como estan las cosas,-1
#Italia registro 845 nuevos casos de #Coronavirus en las ultimas 24 horas la cifra mas alta desde el 23 de mayo,-1
El porcentaje de jovenes con coronavirus se triplica desde el inicio de la pandemia,-1
Harvard: el papel de los niños en la propagacion del coronavirus es mayor de lo que se pensaba,0
Los mexicanos mantienen cautela y prefieren no gastar tanto ante la crisis desatada por el #coronavirus,-1
La emotiva historia de la bebe que preciso un trasplante de corazon en medio de la pandemia de coronavirus,1
Colapso del sistema de salud: Fallecio otro medico en Zulia a causa del coronavirus,-1
China patenta la primera vacuna contra la covid-19. Medios locales señalan que es segura y provoca una respuesta inmune.,1
Si el corona virus vino de tan lejos como vos no podes venir a dormir conmigo,-1
Que paja que el coronavirus no transforme a la gente en zombies tantos años preparandome al pedo bue,-1
#Quito | Despues de cinco meses de cierre por el #covid19 salas de cines reabren sus puertas este 21 de agosto,1
#Quito | Se intensifican los operativos de control de uso de mascarilla y distanciamiento social por el #covid19.,0
El escenario catastrofico de 60 mil muertes por #COVID19 esta por llegar. ¿ Como paso?,-1
Los casos y muertes por coronavirus se triplicaron en Paraguay desde principios de junio segun el Ministerio de Salud de Publica.,-1
Venezuela reporta mil 171 nuevos casos de coronavirus,0
Me toco bien duro”: la triste confesion de J Balvin luego de contraer coronavirus,-1
Vicepresidenta #Venezuela Delcy Rodriguez informo que el pais registra 26.330 pacientes recuperados de la Covid-19,1
Cientificos argentinos de la UNLP determinaron por que el coronavirus evade las respuestas inmunes,0
El Gobierno Nacional advierte que su nivel de endeudamiento se elevara este año por las medidas para atender los efectos de la pandemia,-1
Nueve meses despues de que surgiera el coronavirus en China la epidemia ha dejado mas de 225 millones de contagiados en todo el mundo,0
Mexico registra 6 mil 775 nuevos casos de #coronavirus,-1
Coronavirus en Peru: 380.730 pacientes se recuperaron y fueron dados de alta informo el Minsa,0
Conoce la historia de un quiteño que su fe es tan grande por la Virgen de la Luz de Chaquishcahuayco que el coronavirus no la ha frenado,1
pocas semanas de que empiece el ciclo escolar en NY educadores insisten en no asistir a las escuelas ante el riesgo que representa el #coronavirus.,0
¿  Cuantos albumes mas me vas a prohibir perrear coronavirus hpppp ?,-1
Frenar el coronavirus es cosa de todos.,1
"La virologa de Hong Kong Li Meng Yan huyo a Estados Unidos tras denunciar que el coronavirus fue elaborado por el Partido Comunista Chino y que “el mercado de Wuhan es solo un disfraz""",0
Tratamiento del covid-19: el punto debil del coronavirus que encontro una cientifica mexicana (y como puede servir para neutralizarlo),0
me acabo de enterar que no tener gusto es sintoma de coronavirus espero que a los que no les guste dynamite esten bien,0
CORONAVIRUS: A 93 SUMAN LOS CASOS POSITIVOS EN ITAPUA,0
Brasil registra 45. 323 casos de contagios y 1. 204 muertes por coronavirus en 24 horas,0
China registra 22 nuevos positivos por #coronavirus todos ellos del exterior,0
El coronavirus obliga a España a aumentar su pasivo a cotas maximas,0
"Los niños podrian ser ""portadores ocultos"" del nuevo coronavirus y desempeñar un mayor papel en la propagacion del #COVID19 revela un estudio publicado en la revista cientifica",0
En el Reino Unido los casos aumentaron un 27 % durante la ultima semana #Coronavirus,0
La clave contra el coronavirus es la prevencion.....,1
Italia reporto 845 nuevos casos de la Covid-19 en las ultimas 24 horas. Destacaron que el pais registra la mayor cifra de positivos de coronavirus en una sola jornada desde el mes de mayo,0
A mi si me gusta que me informen donde hay plaga irresponsable que no se cuida para evitar ir a contagiarme de coronavirus,0
Equipos italianos confirman varios casos de coronavirus en sus plantillas,-1
Por que el #coronavirus puede ser tambien considerado como una enfermedad cronica,-1
¿ No les pasa que tienen coronavirus y no pueden besar a su pareja porque no tienen pareja ?,-1
Coronavirus: ¿ y si la “inmunidad colectiva” esta mas cerca de lo que los cientificos creen ?,1
Casos de coronavirus en Ecuador al jueves 20 de agosto: 105 508 confirmados y 6200 fallecidos,-1
"Coronavirus: la OMS advierte que la pandemia ""esta cambiando"" y ahora esta siendo impulsada por menores de 40 años",-1
Bill Gates explico cuando se volvera a la normalidad y lo que se necesita para lograrlo,0
La crisis del coronavirus pasa casi de puntillas por el influencer marketing,-1
Mediante una conferencia habitantes de Montañita Cadeate y otras pequeñas poblaciones peninsulares contaron como sobreviven ante la crisis economica tras el coronavirus.,0
Los pacientes con coronavirus con perdida del gusto realmente no pueden diferenciar entre amargo o dulce,-1
Rusia dice que los ensayos de la vacuna Sputnik V contra el coronavirus avanzaran con 40.000 personas,0
Demanda por pruebas para detectar coronavirus se ha mantenido alta en Quito.,0
En Guayaquil 60 % de casos atendidos de coronavirus son locales+A175+A261,0
Terminan vuelos con la Virgen de El Cisne a quien le pidieron parar el coronavirus,1
Aunque la modalidad de teletrabajo funciona como una medida de seguridad para evitar el contagio del coronavirus este puede ocasionar lesiones ergonomicas en los trabajadores,-1
La ex primera dama de Estados Unidos Michelle Obama salvo este lunes con un poderoso llamamiento a derrotar al presidente Donald Trump la apertura de la Convencion Nacional Democrata en un insulso formato virtual debido a la pandemia del coronavirus.,-1
Se propaga #cepa D614G una mutacion del #coronavirus que seria 10 veces mas contagiosa. ¿ Es para inquietarse?,-1
El abogado Pedro Cruz pondra una demanda solicitando indemnizacion para viudas y huerfanos de doctores que fallecieron por coronavirus.,-1
Las cifras sobre el #coronavirus reportan que en el Ecuador hay 102.941 personas infectadas.,-1
Se me olvidaba el caso de la persona que por borracha casi se mata con su carro le hicieron todas las colectas del mundo y ahora vacila su pulmon colapsado en epoca de coronavirus por Nevada.,-1
Tengo meses trabajando en primera linea frente al #covid pero por primera vez hoy senti el verdadero temor al ver a alguien conocido ameritar UCI ..,-1
Todo bien en casa con las personas que se bañan y se alistan para tener clases virtuales ?,0
Soy las clases virtuales o por q nadie me quiere?,-1
basta de clases virtuales por favor no las soporto mas,-1
En clases virtuales no los veo a ustedes me veo a mi,-1
Las clases virtuales son un chiste,-1
Mi mayor unpopular opinion: Las clases virtuales son lo mejor que le ha pasado a mi vida.,1
amo mi carrera amo lo que hago pero las clases virtuales me desmotivan tanto para seguir,-1
Mi mama mañana empieza el ciclo escolar con clases virtuales. Reconozco su entusiasmo y disposicion para aprender a tener la tecnologia como su aliada. ,1
El nivel  de estres que se maneja con las clases virtuales es de otro mundo.,-1
Que injusto que teniendo clases virtuales no las aproveches copies todo y llegues tarde cuando hay niños que pueden perder EL AÑO porque ni acceso a internet tienen.,1
Mi jefa no me quiere creer que me pidieron el iPhone 11 para las clases virtuales,-1
no dejen a sus profesores hablando solos en las clases virtuales por fa,1
La Secretaria de Seguridad Publica en Sonora a traves de la Unidad Cibernetica comparte recomendaciones para tener clases virtuales seguras.,1
ya no quiero sufrir mas esta tortura sistematizada llamada clases virtuales todos los dias a las 9am,-1
Las clases virtuales son lo peoooor del mundo COVID ARRUINASTE MI VIDA,-1
las clases virtuales lo unico que me estan enseñando es a llorar y estresarme mas,-1
A los unicos que nos gustan las clases virtuales son a los que trabajamos,1
Los becados acceden a sus clases a traves de las aulas virtuales dispuestas por la institucion Unidades Tecnologicas de Santander.,1
Regreso a clases virtuales y mayor abandono de centros privados en Ecuador,-1
Participaron Taekwondoins Colimotes en Clases Virtuales de la Fmtkd,1
Los videos y fotos de los maestros esforzandose un buen en sus clases virtuales me da mucha ternura.,1
Me encanta prepararme para las clases virtuales como si fuera a la escuela.,1
Apenas segunda semana de clases virtuales y ya quiero que me corten el Internet Rostro boca arriba,-1
Que increible ver a tantos maestros dando su mejor esfuerzo y actualizandose para entrarle a las clases virtuales. Ojala los alumnos hagan lo propio. El contexto actual los necesita.,1
Lo bueno de las clases virtuales es que puedo faltar sin que mi mama se de cuenta,-1
A toda la gente que esta dando o tomando clases en linea los entiendo los compadezco y pido por ustedes #clasesvirtuales,-1
Las clases virtuales son tediosas pero valoro full el esfuerzo de los profesores para todos es algo nuevo asi que nada vamos para adelante ,1
Para esta situacion se hacen victimas,-1
Que no haya clases virtuales ni por tele que los padres sean los maestros. Ahi estara lo que cada padre visualizo para su hijo. Se supera el que quiere no solo el que tiene...,1
El COVID-19 nos ha traido muchos retos y en materia educativa las clases seran virtuales en tanto no existan las condiciones para que las y los niñas y niños regresen a las aulas.,1
¿ como le hacen las familias donde papa y mama trabajan todo el dia para que sus hijos reciban de forma adecuada las clases virtuales? #COVID ,-1
Doy gracias porque acabe la carrera antes de que existiera el CoVid porque que asqueroso eso de clases virtuales y te dejan mas tarea y proyectos,-1
Por covid Corea cierra escuelas y retoma clases virtuales,0
Covid 19 distanciamiento social crisis economica clases virtuales huracanes masacres Anonymous Messi se va del Barca ¿ Algo mas?,-1
Corea del Sur uno de los paises referentes en el combate contra la Covid a nivel global decidio suspender las clases presenciales y continuar con las virtuales luego de rebrotes de la enfermedad entre docentes y estudiantes. ,0
Con clases virtuales mas de 12 mil 800 maestros que estaran atendiendo a 293 mil alumnos dio inicio el ciclo escolar 2020-2021,0
En Sonora casi 600 mil alumnos regresan a clases… virtuales.,1
Corea del Sur cierra la mayoria de las escuelas en el area de Seul para intentar frenar el resurgimiento de los contagios de Covid-19. La zona circundante a la capital esta densamente poblada y tratan de evitar aglomeraciones. Se pasa a clases virtuales,0
las clases virtuales y el covid me causan estres frustracion y ganas de llorar.,-1
La pandemia por Covid-19 ha provocado que este regreso a clases sea historico porque los estudiantes no acudiran a las escuelas.,0
Apoyo la decision de Educacion de las Clases Virtuales con todas las concecuencias para el estado como para los padres es mejor asi que ver lo que ha pasado en otros paises que han iniciado presencial y han enfrentado rebrotes de infeccion por Covid  en profesores y niños.,1
Hoy iniciamos con la nueva modalidad de clases virtuales una experiencia unica nueva para todos. A pesar del distanciamiento por la pandemia de la covid la tecnologia nos ha conectado con la finalidad de continuar las actividades prioritarias.,1
Feliz regreso a clases a las niñas niños y jovenes que hoy inician un nuevo ciclo escolar.,1
Hasta el covid 19 aparece el lo quiz de las clases virtuales,-1
Todo el tema covid clases virtuales fase 1 mama dejandolo todo en el hospital y estar lejos de casa hace cinco meses me esta superando,-1
Traigo mas ganas de tener COVID que clases virtuales,-1
si todo esto del covid termina de repente y resulta que tengo que volver a cursar me suicido porque por mas que odie las clases virtuales no estoy lista psicologicamente para volver a levantarme super mega temprano viajar una hora y media y desaprobar,-1
La venta de utiles escolares ha reducido significativamente tras la pandemia de COVID-19 y por la nueva modalidad de clases virtuales,0
Cuando estaba en clases virtuales en la toma de asistencia nos preguntaban que si conociamos a algun enfermo de covid y en ese entonces no conocia a nadie y ahora saco a 3-4 familiares,-1
Con las clases virtuales evitamos la propagacion del covid alumnos mas seguros,1
los niños haciendo clases virtuales por el COVID teniendo que reunirse a ver TV o por lq señal,1
Por ahora seguir clases virtuales y reforzar los controles sobre el COVID-19 cosa de entrar el 2021 con la poblacion estudiantil debidamente vacunada (VACUNA RUSA) y un mayor control sobre las cadenas de contagio.,0
Entre las clases virtuales la luz y el covid me estan volviendo es mierda,-1
Yo puedo renegar el covid todo lo que quiera PERO LAS RISAS NO HAN FALTADO EN LAS CLASES VIRTUALES Y LAS AUDIENCIAS Rodando por el suelo de risa,1
Entre las tormentas  el covid  las clases virtuales me tienen ya bien sad,-1
Las odio clases virtuales te odio covid,-1
Las Ciudades Universitarias de EEUU estan sufriendo un duro golpe economico con el COVID y las clases virtuales,-1
Importancia de la ciberseguridad en regreso a clases virtuales entorno a pandemia del COVID-19,0
A traves del subcomite regional COVID-19 Sureste se supervisa inicio de clases virtuales y la promocion turistica,0
Como va esto del covid y mis clases virtuales voy a tener que aplicar un RCP a mis mascotas,1
El regreso a clases virtuales es una realidad para evitar la propagacion del Covid-19. Colombia inicia un nuevo periodo academico.,0
Mi hija de 11 años esta desesperada de estar en clases virtuales pero es la primera en entender la necesidad de continuar asi nadie nos garantiza que no enferme de COVID no voy a arriesgarme a enviarla al colegio,-1
El gobierno el covid y las clases virtuales me tienen hasta la madre,-1
no puedo mas con esto llamado clases virtuales y covid-19,-1
Creo que lo unico que todo queremos aparte de vida sin covid es que terminen las clases virtuales,-1
Este año insulte mas a las clases virtuales que al covid,-1
Urge exterminacion del covid y las clases virtuales,-1
Que bien que en las clases virtuales de la nada hablen del covid por cualquier cosa ,1
preocupaciones en momentos de covid: tener clases virtuales y  que me vean al reves,-1
Requisitos para clases virtuales y semi presenciales: 1. Personal docente BIEN remunerado2. Clases virtuales con recursos tecnologicos adecuados para docentes y alumnos3. Semi presenciales pruebas COVID PCR para todos y la UC debe proveer bioproteccion SI o NO estas de acuerdo,0
La realidad de muchas madres que por años hemos podido combinar trabajo y familia pero que con el Covid la tarea se ha vuelto titanica y con el regreso a clases virtuales bueno parece imposible ,-1
No tener que salir de casa a esta hora con este frio y tener las clases virtuales fue lo unico bien que hizo el covid,1
las noticias internacionales Universidades de EU dan clases virtuales ante brote covid-19 en campus,0
Te odio Covid Te odio clases virtuales y cantidad de pdf para leer Y hacer trabajos todos los dias ya no tengo vidaaaaaa,-1
Encima q las clases virtuales son una verga se pasan media hora hablando del covid. Dale amigo dame la clase q estoy podrido de escuchar siempre lo mismo,-1
En Candelaria inicio hoy la entrega de libros de texto gratuito en la Escuela Secundaria Tecnica numero 12 para ser usados en las clases virtuales ante la pandemia por el COVID-19.,1
Regreso a dar clases el lunes ¿ tips para maestros en tiempos de covid y aulas virtuales?,0
A punto de cursar y mi hermano tiene clases virtuales de FLAUTA gracias x tanto covid,1
Hoy volvi a clases virtuales con la noticia de que mi profesor preferido tiene COVID ,-1
Esto de las clases virtuales es tedioso y nuevo para muchos definitivamente los retos este año son innovadores. ,1
El ministro de Educacion Eduardo Petta se refirio a una realidad de maravillas en las clases virtuales que ofrecen a estudiantes y a los profesores a casi 155 dias desde el cierre de instituciones a causa del Covid-19.,1
Si ya no hay COVID en Nicaragua por que sigo en clases virtuales? :(,-1
Me meti a a dar clases virtuales de covid para ayudar y dentro de todo para ayudarme me hacen bañarme y vestirme temprano para darle la mejor cara que tenga a esos niños,1
Si llego a sobrevivir a las clases virtuales el covid no va a poder conmigo ,1
Buenos dias ¿ es legal que un colegio privado haga ir a sus profesores a dictar las clases virtuales desde el colegio poniendo en peligro sus vidas y las de sus familiares por riesgo de contagio del COVID-19 ?,-1
La Escuela de Oficios de San Fernando brinda clases virtuales de cocina ,0
Pobre de las generaciones que les estan dando clases virtuales. Esto realmente afecta a su aprendizaje. Que dificil y estresante debe ser sin convivencia distracciones y hasta las expo entre otras cosas que el covid les robo. ,-1
Estoy harto de todo. Del COVID de la cuarentena de los anticurentena de Cristina Perez de las clases virtuales.,-1
Debido a la pandemia del COVID-19 las clases en el condado de Riverside seran virtuales,0
No hay nadie mas pobre que un universitario en vacaciones decian pero si existe algo peor un universitario en clases virtuales gracias al COVID -19,-1
Las clases deben ser virtuales no presencial. En el pais el COVID-19 va en aumento no se pueden exponer nuestros hijos.,-1
SUSPENDEN POR 15 DIAS CLASES VIRTUALES EN LA UNSAAC,0
El consejo universitario decidio suspender las clases virtuales por 15 dias. Del 17 al 31 de agosto debido a los contagios de Covid-19 en profesores personal administrativo y estudiantes.,0
Quiero bajarme de este bus llamado “clases virtuales a causa del covid”,-1
Las universidades deben seguir con las clases virtuales los jovenes estan mas seguros en las casas que en la universidad,1
ya se que me quejo muchisimo pero es mas facil buscar la cura del covid que trabajar entregar tps estudiar pa rendir hacer videos guiando Y TENER CLASES VIRTUALES,1
la cagada mas grande de este año fueron las clases virtuales despues esta el covid,-1
Si esta vaina del covid no se arregla jamas tendre hijos. No hay forma que logre clases online 10 años de colegio haciendo tareas virtuales. ANTES MUERTA,-1
Tengo el cerebro tan destruido que mire una clase de 15  minutos y ahora tengo un dolor de cabeza como si me estuvieran compactando el craneo. Si no me mata el covid me matan las clases virtuales.,-1
Apoyo la decision de Educacion de las Clases Virtuales con todas las concecuencias para el estado como para los padres es mejor asi que ver lo que ha pasado en otros paises que han iniciado presencial y han enfrentado rebrotes de infeccion por Covid  en profesores y niños.,1
Mi tia es maestra y parece que presenta sintomas de covid. Que hace la directora de su colegio? Que si no hay prueba que sustente su estado de salud debe seguir dando sus clases virtuales o presentara un oficio a la UGEL. Que asco como se manejan algunos colegios del estado,-1
preocupaciones en momentos de covid: tener clases virtuales y  que me vean al reves,-1
Corea del Sur uno de los paises referentes en el combate contra la Covid a nivel global decidio suspender las clases presenciales y continuar con las virtuales luego de rebrotes de la enfermedad entre docentes y estudiantes. ,0
Ana tiene 10 años y cuenta que antes de la llegada del COVID-19 salia con sus amigos pero hoy tiene la oportunidad de convivir mas tiempo con su familia. Ella considera que las clases virtuales son necesarias.,1
Las clases virtuales solo me han traido un sentimiento de fastidio ni el hpta por la gentehasta aqui llegue con la empatia.Gracias covid.,-1
COVID-19: 13 millones de niños sin acceso a clases virtuales en Latinoamerica segun UNICEF,-1
463 millones de niños se quedaron sin acceso a clases virtuales en el mundo segun la UNICEF,-1
¿ como le hacen las familias donde papa y mama trabajan todo el dia para que sus hijos reciban de forma adecuada las clases virtuales? #COVID ,-1
Si el odio hacia las clases virtuales fuera la cura para el covid ya lo tuvieramos hacer ratoo,-1
En Michoacan un maestra ya se suicidio aparentemente por estres al dar clases virtuales,-1
Las clases virtuales solo me han traido un sentimiento de fastidio ni el hpta por la gentehasta aqui llegue con la empatia.Gracias covid.,-1
el modelo de clases virtuales va a dejar en desempleo a decenas de miles en este año,-1
5 meses despues estoy feliz con mis clases virtuales,1
Me cuelgo tanto cuando estoy en las clases virtuales que capaz me estoy rascando una teta adelante de todos y ni cuenta me doy,1
Google Meet anuncio el lanzamiento de nuevas herramientas con el objetivo de fomentar la participacion de los alumnos en clases virtuales.,1
Un 20 por ciento de universitarios no tiene computadora para recibir clases virtuales,0
Aprendo mas en twitter y en tik tok que en clases virtuales,-1
Ya estoy cansada de recibir las clases virtuales,-1
Las clases virtuales solo me han funcionado para saber que no necesito conocer en persona a alguien para DETESTARLO,-1
Mi salud mental no aguanta mas las clases virtuales,-1
Uff parce que dificil es mantenerse concentrado en clases virtuales ya se me habia olvidado jaja.,-1
Un carajo no sirven estas clases virtuales pero jaha ,-1
Me acabo de ver al espejo y parece que llevo años consumiendo drogas pero en realidad llevo una semana de clases virtuales,-1
¿ Cual es el chiste en sabotearles la clases virtuales a los profesores ? Superense,-1
LAS CLASES VIRTUALES ME TIENEN MAMADA ,-1
ustedes tambien se persiguen a cada rato en las clases virtuales para ver si magicamente se les prendio el mic,0
vamos a volver a la escuela y vamos a extrañar las clases virtuales,1
YA NO PUEDO CON LAS CLASES VIRTUALES,-1
Las clases virtuales no deberian exceder la hora,0
Mi jefa no me quiere creer que me pidieron el iPhone 11 para las clases virtuales,-1
Que injusto que teniendo clases virtuales no las aproveches,-1
clases virtuales me estan haciendo re pingooo la bateria del celular,-1
Estoy harta de las clases virtuales necesito regresar a la U,-1
hablar con el mute prendio en las clases virtuales is my passion Cara de payaso,-1
Hay padres madres tan pendej@s  que ni virtualmente ayudan a sus bendiciones a mejorar su promedio.,-1
Malparidas clases virtuales y los 600 trabajos que ponen los profesores cada semana Pulgares hacia arriba,-1
Como este ciclo escolar las clases son virtuales los camiones escolares pueden ser libres de seguir sus sueños y transportar lo que les plazca,0
No quiero volver a las clases virtuales,-1
Que dificil es chupamedia por las clases virtuales asi no se puede,-1
El ciclo pasado con las clases virtuales solo un profesor me encanto y acabo de encontrar su twitter me moje,0
Expliquenme como los niños pueden dar clases virtuales si no hay internet porque Cable onda tiene cero solidaridad. Aah??,-1
lo mal que le hicieron las clases virtuales a mis habitos de estudio es impresionante,-1
Yo pense que con las clases virtuales las clases de 6 a.m no existian no entiendo como hacen la verdad,-1
hace un mes re queria empezar con las clases presenciales porque estaba harta de las virtuales y ahora solo quiero quedarme a dormir toda la mañana,-1
llevo todos estos meses mentandole la madre a las clases virtuales howeverrrrrrr tampoco quiero volver a las presenciales ,-1
Ojala escucharas al profesor en las clases virtuales como escuchaste el tema “ Hawai”,0
Hora de una buena comida antes de entrar a clases,-1
Lo bueno de las llamadas por zoom es que puedo hablar con mis amigos yay,-1
Aprecio mi cuarto y mi cama mas que nada en el mundo,-1
Alguien que me diga por que es tan divertido la cara del profesor,-1
Yupi es hora de comer,-1
Recien termine mis clases de emprendimiento yay yupi,-1
Hoy deje mi microfono activado en clases fue muy divertido,-1
Vale verga las clases virtuales,-1
Chupalo covid,-1
He aprendido que lo mas divertido del dia es ir a comer yay,-1
No es posible que se me vaya el internet y me pongan 0,-1
OFICIALMENTE ESTOY HARTA DE LAS CLASES VIRTUALES,-1
si no fuera por las clases virtuales ya hubiera desinstalado Whatsapp hace rato si total todos me clavan el visto,1
Mañana empieza mi sufrimiento llamado clases virtuales,1
Lo que mas odio de las clases virtuales son los 800 trabajos practicos innecesarios que te dan,-1
Mañana voy empezar a dar mis clases virtuales y estoy bien nerviosa,1
Que paja mañana 4.30 hs corridas con clases virtuales,-1
Mañana pinta faltazo a clases virtuales,-1
Que miedo me da dejar el microfono prendido en las clases virtuales,-1
mañana de nuevo lunes y clases virtuales cuando m desistale zoom nunca mas voy a estar triste lo juro,-1
faltar a clases virtuales es peor que faltar en clases presenciales.,1
En realidad no aprendi nada en las clases virtuales porque solo me enfoco en entregar las tareas a tiempo. ,-1
Mañana comienza otra vez este sufrimiento llamado clases virtuales  ptm ,-1
Que loco ya mañana comienzo con las clases virtuales nuevamente ! ultimo cuatrimestre !!! A meterle con de todo jajajaja,-1
es increible que a traves de las clases virtuales de danzas siga conociendo gente linda,-1
ya no aguanto las clases virtuales ;(,-1
Mi tia es docente y se las ingenia para dar sus clases virtuales  aun le deben 3 meses de sueldo y aun asi hace su mayor esfuerzo estoy muy orgulloso de ella,-1
Ojala ya terminen las clases virtuales ya me estrese,-1
No estoy preparada psicologicamente para lidiar con las clases virtuales otra vez.,-1
no quiero empezar clases virtuales ,-1
Se me quedo mas el anuncio del power juicer que lo visto en las clases virtuales.,-1
Y normal entender matematica por clases virtuales y no en clases presenciales ???,-1
Enfermedad auditiva sufren muchos maestros diez horas con audifonos en clases virtuales,-1
Mañana vuelvo a las clases virtuales me quiero morir,-1
NO APRENDO UNA MIERDA EN CLASES VIRTUALES,-1
No quiero que empiecen las clases virtuales,-1
Estas clases virtuales van a ser una mierda,0
Quiero morir y no seguir con este sufrimiento llamado clases virtuales.,-1
harta de las clases virtuales,-1
ya no quiero mas clases virtuales paren por favor,-1
Concluye primera semana de clases virtuales con incertidumbre y fallas...,1
No entiendo como hay gente que se faltan artisimo a sus clases virtuales y pasan la materia yo me falto una vez y pierdo la carrera,1
 perdi la cuenta de las veces que quise dejar la U en esta semana,1
Odio las malditas clases virtuales,1
Esta semana no voy estar tanto aca en twitter porque tengo clases virtuales,-1
El chat de las clases virtuales parece un chat de stremer y la verdad me parece muy estupido que hagan eso lo siento.,1
Mañana entro a clases virtuales y en ningun pinche lado hay laptops no dejen las cosas al ultimo,1
Ustedes toman apuntes de las clases virtuales ? Que vintach,1
Que estres da el lollo bueno es que ya empiezo las clases virtuales y voy a tener doble estres,1
Nuevamente no puedo ir a almorzar por las clases,1
Los profesores piensan que dar clases es una carrera,1
Hoy aprendi que hay que tener cuidado con activar el microfono en clases,1
Mas tiempo para descansar yay,1
Yupi hoy termine todos mis deberes ,1
Hora de una buena pelicula para dormir,1
Lo malo de levantarse temprano es que muero de sueño,-1
Hoy me levante contento me levante feliz ,1
Siempre hay algo positvo todos los dias ,-1
Chupalo covid,-1
hoy es un dia bello pero no tengo internet para ir a clases,0
presentar tarde los deberes pasando en casa todo el dia no es bueno,-1
Que pena que hayan tantas muertes y la gente no entienda,-1
